{"cameraMode":{"drawMode":0,"name":"Shaded","section":"Shading Mode"},"sceneLighting":false,"audioPlay":false,"sceneViewState":{"m_AlwaysRefresh":false,"showFog":true,"showSkybox":false,"showFlares":true,"showImageEffects":true,"showParticleSystems":true,"showVisualEffectGraphs":true,"m_FxEnabled":true},"in2DMode":false,"pivot":{"x":0.08705830574035645,"y":0.7626566886901856,"z":2.8603949546813967},"rotation":{"x":-0.22339746356010438,"y":-0.005256820470094681,"z":0.0012427427573129535,"w":-0.9746838808059692},"size":11.3384428024292,"orthographic":false}