{"cameraMode":{"drawMode":0,"name":"Shaded","section":"Shading Mode"},"sceneLighting":false,"audioPlay":false,"sceneViewState":{"m_AlwaysRefresh":false,"showFog":true,"showSkybox":false,"showFlares":true,"showImageEffects":true,"showParticleSystems":true,"showVisualEffectGraphs":true,"m_FxEnabled":true},"in2DMode":false,"pivot":{"x":0.0024461746215820314,"y":0.5875251293182373,"z":4.859962463378906},"rotation":{"x":-0.22339746356010438,"y":-0.005256820470094681,"z":0.0012427427573129535,"w":-0.9746838808059692},"size":12.757988929748536,"orthographic":false}