{"cameraMode":{"drawMode":0,"name":"Shaded","section":"Shading Mode"},"sceneLighting":false,"audioPlay":false,"sceneViewState":{"m_AlwaysRefresh":false,"showFog":true,"showSkybox":false,"showFlares":true,"showImageEffects":true,"showParticleSystems":true,"showVisualEffectGraphs":true,"m_FxEnabled":true},"in2DMode":false,"pivot":{"x":-0.027666091918945314,"y":0.5875244140625,"z":4.312216758728027},"rotation":{"x":-0.179290309548378,"y":-0.020062411203980447,"z":0.0036942155566066505,"w":-0.9835574626922607},"size":12.357152938842774,"orthographic":false}