{"cameraMode":{"drawMode":0,"name":"Shaded","section":"Shading Mode"},"sceneLighting":false,"audioPlay":false,"sceneViewState":{"m_AlwaysRefresh":false,"showFog":true,"showSkybox":false,"showFlares":true,"showImageEffects":true,"showParticleSystems":true,"showVisualEffectGraphs":true,"m_FxEnabled":true},"in2DMode":false,"pivot":{"x":0.34538912773132326,"y":1.422579288482666,"z":1.570261001586914},"rotation":{"x":-0.22339746356010438,"y":-0.005256820470094681,"z":0.0012427427573129535,"w":-0.9746838808059692},"size":10.57410717010498,"orthographic":false}