{"cameraMode":{"drawMode":0,"name":"Shaded","section":"Shading Mode"},"sceneLighting":false,"audioPlay":false,"sceneViewState":{"m_AlwaysRefresh":false,"showFog":true,"showSkybox":false,"showFlares":true,"showImageEffects":true,"showParticleSystems":true,"showVisualEffectGraphs":true,"m_FxEnabled":true},"in2DMode":false,"pivot":{"x":-0.14627313613891602,"y":-0.6556574106216431,"z":2.3683109283447267},"rotation":{"x":-0.22339746356010438,"y":-0.005256820470094681,"z":0.0012427427573129535,"w":-0.9746838808059692},"size":10.31803035736084,"orthographic":false}